1,google.com
2,youtube.com
3,facebook.com
4,netflix.com
5,microsoft.com
6,instagram.com
7,twitter.com
8,baidu.com
9,linkedin.com
10,wikipedia.org
11,apple.com
12,yahoo.com
13,amazon.com
14,qq.com
15,bilibili.com
16,live.com
17,netflix.net
18,googletagmanager.com
19,wordpress.org
20,whatsapp.com
21,github.com
22,pinterest.com
23,reddit.com
24,youtu.be
25,bing.com
26,zhihu.com
27,vimeo.com
28,office.com
29,microsoftonline.com
30,adobe.com
31,windowsupdate.com
32,amazonaws.com
33,taobao.com
34,zoom.us
35,wordpress.com
36,goo.gl
37,doubleclick.net
38,chaturbate.com
39,bit.ly
40,weibo.com
41,sina.com.cn
42,csdn.net
43,vk.com
44,msn.com
45,googleusercontent.com
46,blogspot.com
47,mozilla.org
48,sohu.com
49,google.com.hk
50,tumblr.com
51,macromedia.com
52,tmall.com
53,nytimes.com
54,t.co
55,paypal.com
56,163.com
57,jd.com
58,google-analytics.com
59,skype.com
60,nih.gov
61,office365.com
62,europa.eu
63,cnn.com
64,medium.com
65,flickr.com
66,stackoverflow.com
67,twitch.tv
68,spotify.com
69,tiktok.com
70,canva.com
71,gravatar.com
72,naver.com
73,imdb.com
74,pornhub.com
75,bbc.com
76,dropbox.com
77,1688.com
78,lencr.org
79,soundcloud.com
80,myshopify.com
81,aparat.com
82,akadns.net
83,xvideos.com
84,yahoo.co.jp
85,theguardian.com
86,amazon.in
87,forbes.com
88,apache.org
89,ebay.com
90,bbc.co.uk
91,cloudflare.com
92,t.me
93,archive.org
94,icloud.com
95,sharepoint.com
96,aliexpress.com
97,w3.org
98,yandex.ru
99,quora.com
100,digicert.com
101,fandom.com
102,akamaiedge.net
103,consortiumeducation.com
104,github.io
105,douban.com
106,sourceforge.net
107,cnblogs.com
108,mail.ru
109,bongacams.com
110,forms.gle
111,etsy.com
112,office.net
113,sciencedirect.com
114,reuters.com
115,miit.gov.cn
116,360.cn
117,okezone.com
118,google.co.in
119,outlook.com
120,issuu.com
121,creativecommons.org
122,who.int
123,weebly.com
124,washingtonpost.com
125,alipay.com
126,xhamster.com
127,aaplimg.com
128,wixsite.com
129,cdc.gov
130,discord.com
131,imgur.com
132,duckduckgo.com
133,blogger.com
134,indeed.com
135,windows.net
136,researchgate.net
137,wikimedia.org
138,dailymail.co.uk
139,oracle.com
140,wsj.com
141,amazon.co.uk
142,googlesyndication.com
143,sogou.com
144,pikiran-rakyat.com
145,amazon.co.jp
146,bloomberg.com
147,tinyurl.com
148,twimg.com
149,telegram.org
150,wix.com
151,googleadservices.com
152,google.cn
153,apple-dns.net
154,godaddy.com
155,aliyun.com
156,harvard.edu
157,opera.com
158,businessinsider.com
159,hao123.com
160,youku.com
161,youtube-nocookie.com
162,shopify.com
163,ytimg.com
164,liputan6.com
165,booking.com
166,tribunnews.com
167,wp.com
168,mit.edu
169,slideshare.net
170,ok.ru
171,spankbang.com
172,alibaba.com
173,wiley.com
174,php.net
175,cnbc.com
176,wa.me
177,force.com
178,bitly.com
179,windows.com
180,behance.net
181,nature.com
182,cloudfront.net
183,samsung.com
184,googlevideo.com
185,list-manage.com
186,ibm.com
187,fbcdn.net
188,go.com
189,freepik.com
190,un.org
191,so.com
192,jianshu.com
193,fiverr.com
194,tradingview.com
195,springer.com
196,indiatimes.com
197,xnxx.com
198,www.gov.uk
199,usatoday.com
200,trello.com
201,stanford.edu
202,tencent.com
203,gnu.org
204,unsplash.com
205,hp.com
206,w3schools.com
207,grammarly.com
208,walmart.com
209,cnet.com
210,app-measurement.com
211,google.de
212,slack.com
213,hubspot.com
214,doi.org
215,coinmarketcap.com
216,aol.com
217,themeforest.net
218,amazon.de
219,nasa.gov
220,telegraph.co.uk
221,flipkart.com
222,npr.org
223,instructure.com
224,foxnews.com
225,fc2.com
226,yelp.com
227,iqiyi.com
228,nginx.org
229,binance.com
230,google.co.uk
231,eventbrite.com
232,gvt1.com
233,dailymotion.com
234,time.com
235,surveymonkey.com
236,intuit.com
237,wetransfer.com
238,espn.com
239,merdeka.com
240,mailchimp.com
241,goodreads.com
242,rakuten.co.jp
243,ilovepdf.com
244,udemy.com
245,mediafire.com
246,nginx.com
247,pixiv.net
248,steampowered.com
249,weather.com
250,akamai.net
251,ted.com
252,deepl.com
253,hupu.com
254,youdao.com
255,zendesk.com
256,cpanel.net
257,scribd.com
258,independent.co.uk
259,linktr.ee
260,scorecardresearch.com
261,healthline.com
262,google.ru
263,kompas.com
264,pixabay.com
265,deviantart.com
266,google.co.jp
267,wired.com
268,addtoany.com
269,detik.com
270,myspace.com
271,msedge.net
272,facebook.net
273,tripadvisor.com
274,line.me
275,google.fr
276,xinhuanet.com
277,amazon-adsystem.com
278,rt.com
279,gvt2.com
280,cpanel.com
281,stripe.com
282,mysql.com
283,berkeley.edu
284,ggpht.com
285,livejournal.com
286,salesforce.com
287,kumparan.com
288,statista.com
289,daum.net
290,patreon.com
291,mega.nz
292,huffingtonpost.com
293,ca.gov
294,shutterstock.com
295,squarespace.com
296,webmd.com
297,techcrunch.com
298,ft.com
299,chase.com
300,zoho.com
301,stackexchange.com
302,theverge.com
303,amzn.to
304,latimes.com
305,varzesh3.com
306,amazon.ca
307,loc.gov
308,ifeng.com
309,addthis.com
310,speedtest.net
311,pki.goog
312,roblox.com
313,upwork.com
314,zillow.com
315,fb.com
316,realsrv.com
317,googletagservices.com
318,taboola.com
319,azure.com
320,google.ca
321,g.page
322,free.fr
323,nflxso.net
324,investopedia.com
325,opendns.com
326,tistory.com
327,cctv.com
328,tandfonline.com
329,ikea.com
330,adnxs.com
331,snapchat.com
332,pixnet.net
333,cambridge.org
334,kickstarter.com
335,pexels.com
336,cornell.edu
337,beian.gov.cn
338,nbcnews.com
339,notion.so
340,theatlantic.com
341,prnewswire.com
342,demdex.net
343,huffpost.com
344,amazon.it
345,debian.org
346,dell.com
347,akamaized.net
348,google.com.tw
349,sitemaps.org
350,steamcommunity.com
351,smzdm.com
352,nationalgeographic.com
353,business.site
354,3dmgame.com
355,fda.gov
356,redd.it
357,cisco.com
358,intel.com
359,craigslist.org
360,washington.edu
361,oup.com
362,huawei.com
363,savefrom.net
364,cbsnews.com
365,android.com
366,onlyfans.com
367,safebrowsing.apple
368,nicovideo.jp
369,ietf.org
370,arnebrachhold.de
371,hdfcbank.com
372,amazon.fr
373,eastmoney.com
374,buzzfeed.com
375,britannica.com
376,dribbble.com
377,digikala.com
378,marketwatch.com
379,academia.edu
380,trustpilot.com
381,giphy.com
382,marriott.com
383,apple.news
384,atlassian.net
385,livedoor.jp
386,primevideo.com
387,pinimg.com
388,messenger.com
389,douyu.com
390,google.com.sg
391,sagepub.com
392,usnews.com
393,coursera.org
394,nypost.com
395,opensea.io
396,okta.com
397,hugedomains.com
398,aboutads.info
399,bankofamerica.com
400,mailchi.mp
401,padlet.com
402,cnki.net
403,msftconnecttest.com
404,wikihow.com
405,investing.com
406,irs.gov
407,mayoclinic.org
408,state.gov
409,pubmatic.com
410,fextralife.com
411,bandcamp.com
412,rubiconproject.com
413,zerodha.com
414,statcounter.com
415,princeton.edu
416,hbr.org
417,ntp.org
418,usps.com
419,gosuslugi.ru
420,jimdo.com
421,bet9ja.com
422,merriam-webster.com
423,smallpdf.com
424,toutiao.com
425,economist.com
426,yandex.com
427,change.org
428,disqus.com
429,gmail.com
430,digg.com
431,unesco.org
432,telewebion.com
433,usda.gov
434,nga.cn
435,box.com
436,avito.ru
437,alicdn.com
438,google.com.mx
439,amazon.es
440,istockphoto.com
441,adsrvr.org
442,gamersky.com
443,networkadvertising.org
444,hotstar.com
445,feishu.cn
446,whitehouse.gov
447,webex.com
448,geeksforgeeks.org
449,criteo.com
450,elsevier.com
451,dw.com
452,grid.id
453,calendly.com
454,rlcdn.com
455,airbnb.com
456,envato.com
457,360doc.com
458,homedepot.com
459,allaboutcookies.org
460,pbs.org
461,launchpad.net
462,akismet.com
463,ampproject.org
464,akamaihd.net
465,google.es
466,nr-data.net
467,arcgis.com
468,businesswire.com
469,epa.gov
470,casalemedia.com
471,marca.com
472,autohome.com.cn
473,columbia.edu
474,typepad.com
475,ltn.com.tw
476,msftncsi.com
477,elpais.com
478,abc.net.au
479,about.com
480,evernote.com
481,suara.com
482,ups.com
483,worldbank.org
484,google.it
485,2mdn.net
486,umich.edu
487,redhat.com
488,sciencemag.org
489,fastly.net
490,ali213.net
491,apnews.com
492,fedex.com
493,cdninstagram.com
494,douyin.com
495,icicibank.com
496,cbc.ca
497,chinaz.com
498,52pojie.cn
499,bestbuy.com
500,tianya.cn
501,typeform.com
502,runoob.com
503,americanexpress.com
504,ieee.org
505,telegram.me
506,zol.com.cn
507,openx.net
508,psu.edu
509,outbrain.com
510,getpocket.com
511,zdnet.com
512,verisign.com
513,whatsapp.net
514,vox.com
515,target.com
516,mashable.com
517,fb.me
518,vice.com
519,azureedge.net
520,google.com.ar
521,google.co.th
522,gitlab.com
523,bidswitch.net
524,ameblo.jp
525,noaa.gov
526,quizlet.com
527,iso.org
528,upenn.edu
529,moatads.com
530,canada.ca
531,accuweather.com
532,youm7.com
533,appsflyer.com
534,zhibo8.cc
535,eepurl.com
536,sciencedaily.com
537,aljazeera.com
538,constantcontact.com
539,huya.com
540,wellsfargo.com
541,atlassian.com
542,ozon.ru
543,dmm.co.jp
544,qualtrics.com
545,google.com.br
546,yale.edu
547,arxiv.org
548,psychologytoday.com
549,zhanqi.tv
550,gofundme.com
551,visualstudio.com
552,wpengine.com
553,newrelic.com
554,deloitte.com
555,nike.com
556,bmj.com
557,wildberries.ru
558,xiaohongshu.com
559,theconversation.com
560,feedburner.com
561,example.com
562,ox.ac.uk
563,wisc.edu
564,3lift.com
565,xueqiu.com
566,www.gov.cn
567,9gag.com
568,google.com.tr
569,plos.org
570,jb51.net
571,newyorker.com
572,thepaper.cn
573,ria.ru
574,engadget.com
575,trafficmanager.net
576,medicalnewstoday.com
577,teamviewer.com
578,wiktionary.org
579,kakao.com
580,google.com.au
581,sfx.ms
582,google.com.eg
583,weforum.org
584,google.com.sa
585,namecheap.com
586,advertising.com
587,ebay.co.uk
588,jquery.com
589,jotform.com
590,spiegel.de
591,shaparak.ir
592,nvidia.com
593,fastcompany.com
594,fortune.com
595,biomedcentral.com
596,figma.com
597,ign.com
598,inc.com
599,ubuntu.com
600,stumbleupon.com
601,hulu.com
602,heavy.com
603,python.org
604,umn.edu
605,namu.wiki
606,discord.gg
607,people.com.cn
608,soso.com
609,webs.com
610,wp.pl
611,lazada.sg
612,newsweek.com
613,meetup.com
614,mzstatic.com
615,onlinesbi.com
616,bluekai.com
617,thesun.co.uk
618,zippyshare.com
619,mirror.co.uk
620,docker.com
621,mercadolibre.com.ar
622,ensonhaber.com
623,gizmodo.com
624,gstatic.com
625,huanqiu.com
626,as.com
627,ndtv.com
628,y2mate.com
629,aliyuncs.com
630,agkn.com
631,mozilla.com
632,panda.tv
633,entrepreneur.com
634,oreilly.com
635,mckinsey.com
636,asana.com
637,jhu.edu
638,fontawesome.com
639,lenovo.com
640,apa.org
641,mi.com
642,timeanddate.com
643,mdpi.com
644,uci.edu
645,scientificamerican.com
646,tripod.com
647,cam.ac.uk
648,yimg.com
649,chess.com
650,gamespot.com
651,youronlinechoices.com
652,jstor.org
653,sun.com
654,sky.com
655,playstation.com
656,adsafeprotected.com
657,everesttech.net
658,cmu.edu
659,moneycontrol.com
660,quantserve.com
661,ucla.edu
662,reverso.net
663,tapad.com
664,semrush.com
665,mercadolibre.com.mx
666,oecd.org
667,hootsuite.com
668,lenta.ru
669,adobe.io
670,mathtag.com
671,onet.pl
672,plesk.com
673,remove.bg
674,hotjar.com
675,geocities.com
676,media.net
677,att.com
678,elegantthemes.com
679,gotowebinar.com
680,crashlytics.com
681,pcmag.com
682,indiamart.com
683,sentry.io
684,wayfair.com
685,bbb.org
686,xing.com
687,frontiersin.org
688,sfgate.com
689,nps.gov
690,indiegogo.com
691,uchicago.edu
692,guardian.co.uk
693,meesho.com
694,utexas.edu
695,shopee.tw
696,sxyprn.com
697,trendyol.com
698,openstreetmap.org
699,genius.com
700,fao.org
701,hilton.com
702,ftc.gov
703,pewresearch.org
704,epicgames.com
705,ed.gov
706,ixigua.com
707,donya-e-eqtesad.com
708,tokopedia.com
709,capitalone.com
710,pnas.org
711,realtor.com
712,namasha.com
713,infobae.com
714,rambler.ru
715,lemonde.fr
716,substack.com
717,acs.org
718,doubleverify.com
719,krxd.net
720,secureserver.net
721,news.com.au
722,shopee.co.id
723,slate.com
724,bet365.com
725,getbootstrap.com
726,glassdoor.com
727,filimo.com
728,arstechnica.com
729,nist.gov
730,aboutcookies.org
731,smartadserver.com
732,thelancet.com
733,photobucket.com
734,media-amazon.com
735,softonic.com
736,techradar.com
737,politico.com
738,chicagotribune.com
739,azurewebsites.net
740,espncricinfo.com
741,nyu.edu
742,eporner.com
743,nhentai.net
744,breitbart.com
745,alibaba-inc.com
746,asus.com
747,bitbucket.org
748,si.edu
749,jsdelivr.net
750,rutracker.org
751,discordapp.com
752,nikkei.com
753,cricbuzz.com
754,rbc.ru
755,anchor.fm
756,vmware.com
757,indianexpress.com
758,licdn.com
759,bizjournals.com
760,express.co.uk
761,quillbot.com
762,coingecko.com
763,house.gov
764,blog.jp
765,naukri.com
766,ninisite.com
767,myanimelist.net
768,apple.com.cn
769,guancha.cn
770,gsmarena.com
771,science.org
772,ny.gov
773,hbomax.com
774,in.gr
775,sindonews.com
776,verizon.com
777,qz.com
778,livescience.com
779,digitalocean.com
780,stripchat.com
781,repubblica.it
782,uk.com
783,udn.com
784,sberbank.ru
785,variety.com
786,blackboard.com
787,vkontakte.ru
788,crunchyroll.com
789,disneyplus.com
790,yts.mx
791,proiezionidiborsa.it
792,chegg.com
793,dictionary.com
794,google.co.id
795,chron.com
796,ahrefs.com
797,uber.com
798,xhamsterlive.com
799,uol.com.br
800,purdue.edu
801,gartner.com
802,pinterest.ca
803,rollingstone.com
804,youporn.com
805,google.co.kr
806,jamanetwork.com
807,barnesandnoble.com
808,sahibinden.com
809,qidian.com
810,cbslocal.com
811,amazon.com.mx
812,usc.edu
813,howstuffworks.com
814,crwdcntrl.net
815,gogoanime.fi
816,www.nhs.uk
817,yjc.news
818,vnexpress.net
819,nba.com
820,hindustantimes.com
821,rottentomatoes.com
822,census.gov
823,cdn-apple.com
824,usgs.gov
825,wikia.com
826,huaban.com
827,thetimes.co.uk
828,scmp.com
829,smh.com.au
830,fidelity.com
831,worldometers.info
832,elmundo.es
833,spotxchange.com
834,sectigo.com
835,gitee.com
836,thefreedictionary.com
837,sina.cn
838,globo.com
839,coupang.com
840,tiktokv.com
841,coinbase.com
842,wattpad.com
843,irctc.co.in
844,sharethrough.com
845,altervista.org
846,ucsd.edu
847,thehill.com
848,e-hentai.org
849,miitbeian.gov.cn
850,bls.gov
851,eksisozluk.com
852,daftsex.com
853,hhs.gov
854,thawte.com
855,aajtak.in
856,appspot.com
857,kapanlagi.com
858,symantec.com
859,fast.com
860,4chan.org
861,googleapis.com
862,jawapos.com
863,globenewswire.com
864,setn.com
865,autodesk.com
866,adjust.com
867,slashdot.org
868,npmjs.com
869,sec.gov
870,flightradar24.com
871,chinadaily.com.cn
872,yuque.com
873,feedly.com
874,turn.com
875,senate.gov
876,utoronto.ca
877,fool.com
878,xbox.com
879,adform.net
880,icloud-content.com
881,khanacademy.org
882,unicef.org
883,digitaltrends.com
884,2345.com
885,readthedocs.io
886,lijit.com
887,googleblog.com
888,readmanganato.com
889,chsi.com.cn
890,codecanyon.net
891,history.com
892,criteo.net
893,lowes.com
894,dhl.com
895,msu.edu
896,expedia.com
897,pconline.com.cn
898,dotomi.com
899,docin.com
900,ebay.de
901,uiuc.edu
902,thesaurus.com
903,ufl.edu
904,gumroad.com
905,51job.com
906,shopee.vn
907,people.com
908,about.me
909,ea.com
910,redfin.com
911,comodoca.com
912,codepen.io
913,5ch.net
914,moz.com
915,google.com.vn
916,techtarget.com
917,unity3d.com
918,duke.edu
919,rctiplus.com
920,google.pl
921,sakura.ne.jp
922,bluehost.com
923,costco.com
924,redbubble.com
925,sinaimg.cn
926,tutorialspoint.com
927,withgoogle.com
928,1rx.io
929,zhipin.com
930,segmentfault.com
931,instructables.com
932,news18.com
933,matterport.com
934,bild.de
935,hatena.ne.jp
936,zemanta.com
937,fb.watch
938,eatthis.com
939,hatenablog.com
940,clarity.ms
941,nhk.or.jp
942,cnnindonesia.com
943,aliexpress.ru
944,nydailynews.com
945,nejm.org
946,typekit.net
947,goo.ne.jp
948,cnbcindonesia.com
949,flaticon.com
950,liadm.com
951,51cto.com
952,venturebeat.com
953,tass.ru
954,northwestern.edu
955,prezi.com
956,adp.com
957,us.com
958,web.dev
959,animeflv.net
960,illinois.edu
961,thedailybeast.com
962,cookielaw.org
963,shein.com
964,urbandictionary.com
965,telegra.ph
966,appcenter.ms
967,myworkdayjobs.com
968,tiktokcdn.com
969,omtrdc.net
970,euronews.com
971,siemens.com
972,wp.me
973,17track.net
974,lefigaro.fr
975,crunchbase.com
976,juejin.cn
977,shopee.com.my
978,dcard.tw
979,tremorhub.com
980,hollywoodreporter.com
981,hostinger.com
982,mystrikingly.com
983,neilpatel.com
984,interia.pl
985,teads.tv
986,bitnami.com
987,proofpoint.com
988,vaghtesobh.com
989,dot.gov
990,t66y.com
991,mydrivers.com
992,bidr.io
993,umd.edu
994,branch.io
995,metro.co.uk
996,avast.com
997,foursquare.com
998,java.com
999,theglobeandmail.com
1000,postgresql.org